hid,HHCode,
687,541.16,
687,541.16,
687,541.16,
687,541.16,
687,541.16,
687,541.16,
687,541.16,
687,541.16,
687,541.16,
687,541.16,
687,541.16,
687,541.16,
687,541.16,
687,541.16,
687,541.16,
687,541.16,
681,541.1,
681,541.1,
681,541.1,
681,541.1,
681,541.1,
681,541.1,
681,541.1,
681,541.1,
681,541.1,
681,541.1,
681,541.1,
681,541.1,
681,541.1,
681,541.1,
681,541.1,
678,541.07,
678,541.07,
678,541.07,
678,541.07,
678,541.07,
678,541.07,
678,541.07,
678,541.07,
678,541.07,
678,541.07,
678,541.07,
678,541.07,
678,541.07,
678,541.07,
678,541.07,
678,541.07,
678,541.07,
676,541.05,
676,541.05,
676,541.05,
676,541.05,
676,541.05,
676,541.05,
676,541.05,
676,541.05,
676,541.05,
676,541.05,
676,541.05,
676,541.05,
676,541.05,
676,541.05,
676,541.05,
676,541.05,
676,541.05,
675,541.04,
675,541.04,
675,541.04,
675,541.04,
675,541.04,
675,541.04,
675,541.04,
675,541.04,
675,541.04,
675,541.04,
675,541.04,
675,541.04,
675,541.04,
675,541.04,
675,541.04,
675,541.04,
675,541.04,
672,541.01,
672,541.01,
672,541.01,
672,541.01,
672,541.01,
672,541.01,
672,541.01,
672,541.01,
672,541.01,
672,541.01,
672,541.01,
672,541.01,
672,541.01,
672,541.01,
672,541.01,
672,541.01,
672,541.01,
672,541.01,
672,541.01,
672,541.01,
670,532.17,
670,532.17,
670,532.17,
670,532.17,
670,532.17,
670,532.17,
670,532.17,
670,532.17,
670,532.17,
670,532.17,
670,532.17,
670,532.17,
670,532.17,
670,532.17,
670,532.17,
670,532.17,
670,532.17,
670,532.17,
670,532.17,
670,532.17,
667,532.14,
667,532.14,
667,532.14,
667,532.14,
667,532.14,
667,532.14,
667,532.14,
667,532.14,
667,532.14,
667,532.14,
667,532.14,
667,532.14,
667,532.14,
667,532.14,
667,532.14,
667,532.14,
667,532.14,
667,532.14,
667,532.14,
667,532.14,
667,532.14,
667,532.14,
667,532.14,
667,532.14,
667,532.14,
667,532.14,
667,532.14,
667,532.14,
667,532.14,
667,532.14,
667,532.14,
667,532.14,
667,532.14,
667,532.14,
667,532.14,
667,532.14,
664,532.1,
664,532.1,
664,532.1,
664,532.1,
664,532.1,
664,532.1,
664,532.1,
664,532.1,
664,532.1,
664,532.1,
664,532.1,
664,532.1,
664,532.1,
664,532.1,
664,532.1,
664,532.1,
664,532.1,
664,532.1,
664,532.1,
664,532.1,
664,532.1,
664,532.1,
664,532.1,
664,532.1,
658,532.05,
658,532.05,
658,532.05,
658,532.05,
658,532.05,
658,532.05,
658,532.05,
658,532.05,
658,532.05,
658,532.05,
658,532.05,
658,532.05,
658,532.05,
658,532.05,
658,532.05,
658,532.05,
658,532.05,
658,532.05,
658,532.05,
658,532.05,
658,532.05,
658,532.05,
658,532.05,
658,532.05,
658,532.05,
658,532.05,
656,532.03,
656,532.03,
656,532.03,
656,532.03,
656,532.03,
656,532.03,
656,532.03,
656,532.03,
656,532.03,
656,532.03,
656,532.03,
656,532.03,
656,532.03,
656,532.03,
656,532.03,
656,532.03,
656,532.03,
654,532.01,
654,532.01,
654,532.01,
654,532.01,
654,532.01,
654,532.01,
654,532.01,
654,532.01,
654,532.01,
654,532.01,
654,532.01,
654,532.01,
654,532.01,
654,532.01,
654,532.01,
654,532.01,
650,531.09,
650,531.09,
650,531.09,
650,531.09,
650,531.09,
650,531.09,
650,531.09,
650,531.09,
650,531.09,
650,531.09,
650,531.09,
650,531.09,
650,531.09,
650,531.09,
650,531.09,
650,531.09,
650,531.09,
650,531.09,
650,531.09,
650,531.09,
650,531.09,
649,531.08,
649,531.08,
649,531.08,
649,531.08,
649,531.08,
649,531.08,
649,531.08,
649,531.08,
649,531.08,
649,531.08,
649,531.08,
649,531.08,
649,531.08,
649,531.08,
649,531.08,
649,531.08,
649,531.08,
649,531.08,
649,531.08,
649,531.08,
649,531.08,
649,531.08,
649,531.08,
649,531.08,
649,531.08,
649,531.08,
649,531.08,
644_2,531.03,
644_2,531.03,
644_2,531.03,
644_2,531.03,
644_2,531.03,
644_2,531.03,
644_2,531.03,
644_2,531.03,
644_2,531.03,
644_2,531.03,
644_2,531.03,
644_2,531.03,
644_2,531.03,
644_2,531.03,
644_2,531.03,
644_2,531.03,
644_2,531.03,
644_2,531.03,
644_2,531.03,
644_1,531.03,
644_1,531.03,
644_1,531.03,
644_1,531.03,
644_1,531.03,
644_1,531.03,
644_1,531.03,
644_1,531.03,
644_1,531.03,
644_1,531.03,
644_1,531.03,
644_1,531.03,
644_1,531.03,
642,531.01,
642,531.01,
642,531.01,
642,531.01,
642,531.01,
642,531.01,
642,531.01,
642,531.01,
642,531.01,
642,531.01,
642,531.01,
642,531.01,
642,531.01,
642,531.01,
642,531.01,
642,531.01,
642,531.01,
642,531.01,
642,531.01,
642,531.01,
642,531.01,
642,531.01,
642,531.01,
630,512.17,
630,512.17,
630,512.17,
630,512.17,
630,512.17,
630,512.17,
630,512.17,
630,512.17,
630,512.17,
630,512.17,
630,512.17,
630,512.17,
630,512.17,
630,512.17,
629,512.16,
629,512.16,
629,512.16,
629,512.16,
629,512.16,
629,512.16,
629,512.16,
629,512.16,
629,512.16,
629,512.16,
629,512.16,
629,512.16,
629,512.16,
629,512.16,
629,512.16,
629,512.16,
627,521.14,
627,521.14,
627,521.14,
627,521.14,
627,521.14,
627,521.14,
627,521.14,
627,521.14,
627,521.14,
627,521.14,
627,521.14,
619,512.05,
619,512.05,
619,512.05,
619,512.05,
619,512.05,
619,512.05,
619,512.05,
619,512.05,
619,512.05,
619,512.05,
619,512.05,
619,512.05,
619,512.05,
615,512.01,
615,512.01,
615,512.01,
615,512.01,
615,512.01,
615,512.01,
615,512.01,
615,512.01,
615,512.01,
615,512.01,
615,512.01,
615,512.01,
615,512.01,
615,512.01,
615,512.01,
698,542.09,
698,542.09,
698,542.09,
698,542.09,
698,542.09,
698,542.09,
698,542.09,
698,542.09,
698,542.09,
698,542.09,
698,542.09,
698,542.09,
698,542.09,
698,542.09,
698,542.09,
698,542.09,
698,542.09,
698,542.09,
699,542.1,
699,542.1,
699,542.1,
699,542.1,
699,542.1,
699,542.1,
699,542.1,
699,542.1,
699,542.1,
699,542.1,
699,542.1,
699,542.1,
699,542.1,
699,542.1,
699,542.1,
699,542.1,
690,542.01,
690,542.01,
690,542.01,
690,542.01,
690,542.01,
690,542.01,
690,542.01,
690,542.01,
690,542.01,
690,542.01,
690,542.01,
690,542.01,
690,542.01,
690,542.01,
690,542.01,
690,542.01,
690,542.01,
690,542.01,
690,542.01,
690,542.01,
690,542.01,
690,542.01,
695,542.06,
695,542.06,
695,542.06,
695,542.06,
695,542.06,
695,542.06,
695,542.06,
695,542.06,
695,542.06,
695,542.06,
695,542.06,
695,542.06,
695,542.06,
695,542.06,
695,542.06,
695,542.06,
695,542.06,
641,522.06,
641,522.06,
641,522.06,
641,522.06,
641,522.06,
641,522.06,
641,522.06,
641,522.06,
641,522.06,
641,522.06,
641,522.06,
641,522.06,
641,522.06,
641,522.06,
641,522.06,
641,522.06,
641,522.06,
641,522.06,
641,522.06,
641,522.06,
641,522.06,
641,522.06,
641,522.06,
641,522.06,
641,522.06,
641,522.06,
641,522.06,
641,522.06,
639,522.04,
639,522.04,
639,522.04,
639,522.04,
639,522.04,
639,522.04,
639,522.04,
639,522.04,
639,522.04,
639,522.04,
639,522.04,
639,522.04,
639,522.04,
639,522.04,
639,522.04,
639,522.04,
639,522.04,
639,522.04,
639,522.04,
639,522.04,
639,522.04,
639,522.04,
639,522.04,
639,522.04,
639,522.04,
639,522.04,
639,522.04,
639,522.04,
639,522.04,
639,522.04,
639,522.04,
639,522.04,
639,522.04,
639,522.04,
639,522.04,
639,522.04,
639,522.04,
639,522.04,
639,522.04,
639,522.04,
639,522.04,
639,522.04,
639,522.04,
638,522.03,
638,522.03,
638,522.03,
638,522.03,
638,522.03,
638,522.03,
638,522.03,
638,522.03,
638,522.03,
638,522.03,
638,522.03,
638,522.03,
638,522.03,
638,522.03,
638,522.03,
638,522.03,
638,522.03,
638,522.03,
633,521.02,
633,521.02,
633,521.02,
633,521.02,
633,521.02,
633,521.02,
633,521.02,
633,521.02,
633,521.02,
633,521.02,
633,521.02,
633,521.02,
633,521.02,
633,521.02,
633,521.02,
633,521.02,
633,521.02,
633,521.02,
633,521.02,
633,521.02,
633,521.02,
633,521.02,
633,521.02,
633,521.02,
633,521.02,
633,521.02,
633,521.02,
633,521.02,
633,521.02,
609,511.07,
609,511.07,
609,511.07,
609,511.07,
609,511.07,
609,511.07,
609,511.07,
609,511.07,
609,511.07,
609,511.07,
609,511.07,
609,511.07,
609,511.07,
609,511.07,
609,511.07,
609,511.07,
 ,511.01,
 ,511.01,
 ,511.01,
 ,511.01,
 ,511.01,
 ,511.01,
 ,511.01,
 ,511.01,
 ,511.01,
 ,511.01,
 ,511.01,
 ,511.01,
 ,511.01,
 ,511.01,
 ,511.01,
 ,511.01,
 ,511.01,
 ,511.01,
 ,511.01,
 ,511.01,
 ,511.01,
 ,511.01,
611,511.09,
611,511.09,
611,511.09,
611,511.09,
611,511.09,
611,511.09,
611,511.09,
611,511.09,
611,511.09,
611,511.09,
611,511.09,
611,511.09,
611,511.09,
611,511.09,
611,511.09,
510,421.01,
510,421.01,
510,421.01,
510,421.01,
510,421.01,
510,421.01,
510,421.01,
510,421.01,
510,421.01,
510,421.01,
510,421.01,
510,421.01,
510,421.01,
510,421.01,
510,421.01,
510,421.01,
510,421.01,
510,421.01,
510,421.01,
510,421.01,
515,412.06,
515,412.06,
515,412.06,
515,412.06,
515,412.06,
515,412.06,
515,412.06,
515,412.06,
515,412.06,
515,412.06,
515,412.06,
515,412.06,
515,412.06,
515,412.06,
540,422.01,
540,422.01,
540,422.01,
540,422.01,
540,422.01,
540,422.01,
540,422.01,
540,422.01,
540,422.01,
543,422.04,
543,422.04,
543,422.04,
543,422.04,
543,422.04,
543,422.04,
542,422.03,
542,422.03,
542,422.03,
542,422.03,
542,422.03,
542,422.03,
542,422.03,
542,422.03,
542,422.03,
542,422.03,
516,421.01,
516,421.01,
516,421.01,
516,421.01,
516,421.01,
516,421.01,
516,421.01,
516,421.01,
516,421.01,
516,421.01,
516,421.01,
516,421.01,
522,421.07,
522,421.07,
522,421.07,
522,421.07,
522,421.07,
522,421.07,
522,421.07,
522,421.07,
522,421.07,
527,421.12,
527,421.12,
527,421.12,
527,421.12,
527,421.12,
527,421.12,
527,421.12,
527,421.12,
527,421.12,
527,421.12,
527,421.12,
527,421.12,
527,421.12,
527,421.12,
527,421.12,
527,421.12,
527,421.12,
528,421.13,
528,421.13,
528,421.13,
528,421.13,
528,421.13,
528,421.13,
528,421.13,
528,421.13,
528,421.13,
528,421.13,
528,421.13,
528,421.13,
528,421.13,
528,421.13,
529,421.14,
529,421.14,
529,421.14,
529,421.14,
529,421.14,
529,421.14,
529,421.14,
529,421.14,
529,421.14,
529,421.14,
537,421.22,
537,421.22,
537,421.22,
537,421.22,
537,421.22,
537,421.22,
537,421.22,
537,421.22,
537,421.22,
537,421.22,
537,421.22,
538,421.33,
538,421.33,
538,421.33,
574,432.17,
574,432.17,
574,432.17,
574,432.17,
574,432.17,
574,432.17,
574,432.17,
574,432.17,
574,432.17,
574,432.17,
574,432.17,
574,432.17,
574,432.17,
574,432.17,
569,432.12,
569,432.12,
569,432.12,
569,432.12,
569,432.12,
569,432.12,
569,432.12,
569,432.12,
569,432.12,
569,432.12,
569,432.12,
569,432.12,
569,432.12,
569,432.12,
569,432.12,
569,432.12,
565,432.08,
565,432.08,
565,432.08,
565,432.08,
565,432.08,
565,432.08,
565,432.08,
565,432.08,
565,432.08,
565,432.08,
565,432.08,
565,432.08,
565,432.08,
565,432.08,
565,432.08,
565,432.08,
565,432.08,
565,432.08,
565,432.08,
565,432.08,
565,432.08,
565,432.08,
565,432.08,
565,432.08,
565,432.08,
565,432.08,
565,432.08,
565,432.08,
565,432.08,
565,432.08,
565,432.08,
559,432.02,
559,432.02,
559,432.02,
559,432.02,
559,432.02,
559,432.02,
559,432.02,
559,432.02,
559,432.02,
559,432.02,
559,432.02,
559,432.02,
559,432.02,
559,432.02,
559,432.02,
559,432.02,
559,432.02,
559,432.02,
559,432.02,
559,432.02,
559,432.02,
571,432.14,
571,432.14,
571,432.14,
571,432.14,
571,432.14,
571,432.14,
571,432.14,
571,432.14,
571,432.14,
571,432.14,
571,432.14,
571,432.14,
571,432.14,
571,432.14,
571,432.14,
571,432.14,
571,432.14,
571,432.14,
571,432.14,
571,432.14,
571,432.14,
571,432.14,
575,432.18,
575,432.18,
575,432.18,
575,432.18,
575,432.18,
575,432.18,
575,432.18,
575,432.18,
575,432.18,
575,432.18,
575,432.18,
575,432.18,
575,432.18,
575,432.18,
575,432.18,
575,432.18,
575,432.18,
575,432.18,
575,432.18,
575,432.18,
575,432.18,
575,432.18,
575,432.18,
575,432.18,
505,411.08,
505,411.08,
505,411.08,
505,411.08,
505,411.08,
505,411.08,
505,411.08,
505,411.08,
505,411.08,
505,411.08,
505,411.08,
505,411.08,
505,411.08,
505,411.08,
505,411.08,
505,411.08,
505,411.08,
505,411.08,
505,411.08,
505,411.08,
505,411.08,
505,411.08,
505,411.08,
505,411.08,
505,411.08,
505,411.08,
503,411.06,
503,411.06,
503,411.06,
503,411.06,
503,411.06,
502,411.05,
502,411.05,
502,411.05,
502,411.05,
502,411.05,
502,411.05,
502,411.05,
502,411.05,
502,411.05,
502,411.05,
502,411.05,
502,411.05,
502,411.05,
502,411.05,
502,411.05,
502,411.05,
502,411.05,
502,411.05,
502,411.05,
502,411.05,
502,411.05,
502,411.05,
502,411.05,
502,411.05,
502,411.05,
502,411.05,
502,411.05,
502,411.05,
502,411.05,
502,411.05,
502,411.05,
502,411.05,
502,411.05,
502,411.05,
502,411.05,
502,411.05,
502,411.05,
507,411.1,
507,411.1,
507,411.1,
507,411.1,
507,411.1,
507,411.1,
507,411.1,
507,411.1,
507,411.1,
507,411.1,
507,411.1,
507,411.1,
507,411.1,
507,411.1,
507,411.1,
507,411.1,
507,411.1,
507,411.1,
507,411.1,
74,122.08,
74,122.08,
74,122.08,
74,122.08,
74,122.08,
74,122.08,
74,122.08,
74,122.08,
74,122.08,
74,122.08,
74,122.08,
74,122.08,
74,122.08,
511,412.02,
511,412.02,
511,412.02,
511,412.02,
511,412.02,
511,412.02,
511,412.02,
511,412.02,
511,412.02,
511,412.02,
511,412.02,
511,412.02,
511,412.02,
511,412.02,
511,412.02,
511,412.02,
511,412.02,
511,412.02,
511,412.02,
511,412.02,
511,412.02,
511,412.02,
511,412.02,
511,412.02,
511,412.02,
511,412.02,
511,412.02,
511,412.02,
511,412.02,
511,412.02,
550,431.05,
550,431.05,
550,431.05,
550,431.05,
550,431.05,
550,431.05,
550,431.05,
550,431.05,
550,431.05,
550,431.05,
550,431.05,
550,431.05,
550,431.05,
550,431.05,
550,431.05,
550,431.05,
550,431.05,
550,431.05,
550,431.05,
550,431.05,
550,431.05,
550,431.05,
547,431.02,
547,431.02,
547,431.02,
547,431.02,
547,431.02,
547,431.02,
547,431.02,
547,431.02,
547,431.02,
547,431.02,
547,431.02,
547,431.02,
547,431.02,
547,431.02,
547,431.02,
547,431.02,
547,431.02,
547,431.02,
547,431.02,
599,442.03,
599,442.03,
599,442.03,
599,442.03,
599,442.03,
599,442.03,
599,442.03,
599,442.03,
599,442.03,
599,442.03,
599,442.03,
599,442.03,
599,442.03,
590,441.14,
590,441.14,
590,441.14,
590,441.14,
590,441.14,
590,441.14,
590,441.14,
590,441.14,
590,441.14,
590,441.14,
584,441.08,
584,441.08,
584,441.08,
584,441.08,
584,441.08,
584,441.08,
584,441.08,
584,441.08,
584,441.08,
584,441.08,
584,441.08,
584,441.08,
584,441.08,
584,441.08,
584,441.08,
584,441.08,
584,441.08,
584,441.08,
584,441.08,
584,441.08,
584,441.08,
584,441.08,
584,441.08,
584,441.08,
584,441.08,
584,441.08,
584,441.08,
600,442.04,
600,442.04,
600,442.04,
600,442.04,
600,442.04,
600,442.04,
600,442.04,
600,442.04,
600,442.04,
600,442.04,
600,442.04,
600,442.04,
600,442.04,
600,442.04,
600,442.04,
600,442.04,
600,442.04,
600,442.04,
635,521.05,
635,521.05,
635,521.05,
635,521.05,
635,521.05,
635,521.05,
635,521.05,
635,521.05,
635,521.05,
635,521.05,
635,521.05,
635,521.05,
635,521.05,
635,521.05,
635,521.05,
635,521.05,
635,521.05,
635,521.05,
635,521.05,
635,521.05,
635,521.05,
635,521.05,
635,521.05,
635,521.05,
635,521.05,
635,521.05,
635,521.05,
635,521.05,
635,521.05,
635,521.05,
635,521.05,
635,521.05,
635,521.05,
635,521.05,
635,521.05,
635,521.05,
635,521.05,
635,521.05,
635,521.05,
548,431.03,
548,431.03,
548,431.03,
548,431.03,
548,431.03,
548,431.03,
548,431.03,
548,431.03,
548,431.03,
548,431.03,
548,431.03,
548,431.03,
548,431.03,
548,431.03,
548,431.03,
548,431.03,
548,431.03,
548,431.03,
548,431.03,
548,431.03,
548,431.03,
548,431.03,
548,431.03,
554,431.09,
554,431.09,
554,431.09,
554,431.09,
554,431.09,
554,431.09,
554,431.09,
554,431.09,
554,431.09,
554,431.09,
554,431.09,
554,431.09,
554,431.09,
554,431.09,
554,431.09,
578,441.02,
578,441.02,
578,441.02,
578,441.02,
578,441.02,
578,441.02,
578,441.02,
578,441.02,
578,441.02,
578,441.02,
578,441.02,
578,441.02,
578,441.02,
578,441.02,
578,441.02,
578,441.02,
578,441.02,
578,441.02,
578,441.02,
578,441.02,
578,441.02,
578,441.02,
578,441.02,
578,441.02,
578,441.02,
578,441.02,
578,441.02,
578,441.02,
578,441.02,
578,441.02,
578,441.02,
578,441.02,
279,223.14,
279,223.14,
279,223.14,
279,223.14,
279,223.14,
279,223.14,
279,223.14,
279,223.14,
279,223.14,
279,223.14,
279,223.14,
279,223.14,
279,223.14,
279,223.14,
279,223.14,
279,223.14,
279,223.14,
279,223.14,
279,223.14,
279,223.14,
279,223.14,
279,223.14,
279,223.14,
279,223.14,
279,223.14,
279,223.14,
279,223.14,
279,223.14,
277,223.12,
277,223.12,
277,223.12,
277,223.12,
277,223.12,
277,223.12,
277,223.12,
277,223.12,
277,223.12,
277,223.12,
277,223.12,
277,223.12,
277,223.12,
277,223.12,
277,223.12,
277,223.12,
277,223.12,
277,223.12,
277,223.12,
277,223.12,
277,223.12,
277,223.12,
277,223.12,
277,223.12,
277,223.12,
277,223.12,
277,223.12,
277,223.12,
277,223.12,
277,223.12,
277,223.12,
273,223.08,
273,223.08,
273,223.08,
273,223.08,
273,223.08,
273,223.08,
273,223.08,
273,223.08,
273,223.08,
273,223.08,
273,223.08,
273,223.08,
273,223.08,
273,223.08,
273,223.08,
273,223.08,
273,223.08,
273,223.08,
273,223.08,
269,223.04,
269,223.04,
269,223.04,
269,223.04,
269,223.04,
269,223.04,
269,223.04,
269,223.04,
269,223.04,
269,223.04,
269,223.04,
269,223.04,
269,223.04,
269,223.04,
269,223.04,
269,223.04,
269,223.04,
269,223.04,
266,223.01,
266,223.01,
266,223.01,
266,223.01,
266,223.01,
266,223.01,
266,223.01,
266,223.01,
266,223.01,
266,223.01,
266,223.01,
266,223.01,
266,223.01,
266,223.01,
358,242.1,
358,242.1,
358,242.1,
358,242.1,
358,242.1,
358,242.1,
358,242.1,
358,242.1,
358,242.1,
358,242.1,
358,242.1,
358,242.1,
358,242.1,
358,242.1,
358,242.1,
358,242.1,
358,242.1,
358,242.1,
355,242.07,
355,242.07,
355,242.07,
355,242.07,
355,242.07,
355,242.07,
355,242.07,
355,242.07,
355,242.07,
355,242.07,
355,242.07,
355,242.07,
355,242.07,
355,242.07,
354,242.06,
354,242.06,
354,242.06,
354,242.06,
354,242.06,
354,242.06,
354,242.06,
354,242.06,
354,242.06,
354,242.06,
354,242.06,
354,242.06,
354,242.06,
354,242.06,
354,242.06,
354,242.06,
354,242.06,
354,242.06,
354,242.06,
354,242.06,
354,242.06,
354,242.06,
354,242.06,
349,242.01,
349,242.01,
349,242.01,
349,242.01,
349,242.01,
349,242.01,
349,242.01,
349,242.01,
349,242.01,
349,242.01,
349,242.01,
349,242.01,
349,242.01,
349,242.01,
349,242.01,
325,241.01,
325,241.01,
325,241.01,
325,241.01,
325,241.01,
325,241.01,
325,241.01,
325,241.01,
325,241.01,
325,241.01,
325,241.01,
325,241.01,
325,241.01,
325,241.01,
325,241.01,
325,241.01,
325,241.01,
325,241.01,
325,241.01,
325,241.01,
326,241.02,
326,241.02,
326,241.02,
326,241.02,
326,241.02,
326,241.02,
326,241.02,
326,241.02,
326,241.02,
326,241.02,
326,241.02,
326,241.02,
326,241.02,
326,241.02,
326,241.02,
326,241.02,
326,241.02,
326,241.02,
326,241.02,
326,241.02,
326,241.02,
326,241.02,
326,241.02,
326,241.02,
326,241.02,
326,241.02,
326,241.02,
329,241.05,
329,241.05,
329,241.05,
329,241.05,
329,241.05,
329,241.05,
329,241.05,
329,241.05,
329,241.05,
329,241.05,
329,241.05,
329,241.05,
329,241.05,
329,241.05,
329,241.05,
329,241.05,
329,241.05,
329,241.05,
329,241.05,
329,241.05,
329,241.05,
329,241.05,
333,241.04,
333,241.04,
333,241.04,
333,241.04,
333,241.04,
333,241.04,
333,241.04,
333,241.04,
333,241.04,
333,241.04,
333,241.04,
333,241.04,
333,241.04,
333,241.04,
333,241.04,
333,241.04,
333,241.04,
333,241.04,
333,241.04,
333,241.04,
334,241.1,
334,241.1,
334,241.1,
334,241.1,
334,241.1,
334,241.1,
334,241.1,
334,241.1,
334,241.1,
334,241.1,
334,241.1,
334,241.1,
334,241.1,
334,241.1,
338,241.14,
338,241.14,
338,241.14,
338,241.14,
338,241.14,
338,241.14,
338,241.14,
338,241.14,
338,241.14,
338,241.14,
338,241.14,
338,241.14,
338,241.14,
338,241.14,
338,241.14,
338,241.14,
338,241.14,
338,241.14,
338,241.14,
338,241.14,
338,241.14,
342,241.18,
342,241.18,
342,241.18,
342,241.18,
342,241.18,
342,241.18,
342,241.18,
342,241.18,
342,241.18,
342,241.18,
342,241.18,
342,241.18,
342,241.18,
342,241.18,
347,241.23,
347,241.23,
347,241.23,
347,241.23,
347,241.23,
347,241.23,
347,241.23,
347,241.23,
347,241.23,
347,241.23,
347,241.23,
347,241.23,
347,241.23,
347,241.23,
260,222.19,
260,222.19,
260,222.19,
260,222.19,
260,222.19,
260,222.19,
260,222.19,
260,222.19,
260,222.19,
260,222.19,
260,222.19,
251,222.1,
251,222.1,
251,222.1,
251,222.1,
251,222.1,
251,222.1,
251,222.1,
251,222.1,
251,222.1,
251,222.1,
251,222.1,
251,222.1,
251,222.1,
251,222.1,
251,222.1,
251,222.1,
251,222.1,
251,222.1,
251,222.1,
251,222.1,
251,222.1,
251,222.1,
251,222.1,
251,222.1,
251,222.1,
251,222.1,
251,222.1,
251,222.1,
719,222.1,
719,222.1,
719,222.1,
719,222.1,
719,222.1,
719,222.1,
719,222.1,
719,222.1,
719,222.1,
719,222.1,
719,222.1,
719,222.1,
719,222.1,
719,222.1,
719,222.1,
719,222.1,
719,222.1,
249,222.08,
249,222.08,
249,222.08,
249,222.08,
249,222.08,
249,222.08,
249,222.08,
249,222.08,
249,222.08,
249,222.08,
249,222.08,
249,222.08,
249,222.08,
249,222.08,
249,222.08,
249,222.08,
249,222.08,
249,222.08,
247,222.06,
247,222.06,
247,222.06,
247,222.06,
247,222.06,
247,222.06,
247,222.06,
247,222.06,
247,222.06,
247,222.06,
247,222.06,
247,222.06,
247,222.06,
247,222.06,
247,222.06,
247,222.06,
247,222.06,
246,222.05,
246,222.05,
246,222.05,
246,222.05,
246,222.05,
246,222.05,
246,222.05,
246,222.05,
246,222.05,
246,222.05,
246,222.05,
246,222.05,
246,222.05,
246,222.05,
246,222.05,
220,212.11,
220,212.11,
220,212.11,
220,212.11,
220,212.11,
220,212.11,
220,212.11,
220,212.11,
220,212.11,
220,212.11,
220,212.11,
220,212.11,
220,212.11,
220,212.11,
220,212.11,
220,212.11,
374,252.08,
374,252.08,
374,252.08,
374,252.08,
374,252.08,
374,252.08,
374,252.08,
374,252.08,
374,252.08,
374,252.08,
367,252.01,
367,252.01,
367,252.01,
367,252.01,
367,252.01,
367,252.01,
367,252.01,
367,252.01,
367,252.01,
367,252.01,
367,252.01,
367,252.01,
367,252.01,
367,252.01,
376,252.1,
376,252.1,
376,252.1,
376,252.1,
376,252.1,
376,252.1,
376,252.1,
376,252.1,
376,252.1,
376,252.1,
376,252.1,
376,252.1,
376,252.1,
376,252.1,
376,252.1,
376,252.1,
376,252.1,
376,252.1,
376,252.1,
376,252.1,
376,252.1,
376,252.1,
376,252.1,
376,252.1,
376,252.1,
376,252.1,
373,252.07,
373,252.07,
373,252.07,
373,252.07,
373,252.07,
373,252.07,
373,252.07,
373,252.07,
373,252.07,
373,252.07,
373,252.07,
196,211.05,
196,211.05,
196,211.05,
196,211.05,
196,211.05,
196,211.05,
196,211.05,
196,211.05,
196,211.05,
196,211.05,
196,211.05,
196,211.05,
196,211.05,
196,211.05,
196,211.05,
196,211.05,
196,211.05,
196,211.05,
196,211.05,
196,211.05,
196,211.05,
196,211.05,
196,211.05,
196,211.05,
196,211.05,
196,211.05,
196,211.05,
196,211.05,
201,211.1,
201,211.1,
201,211.1,
201,211.1,
201,211.1,
201,211.1,
201,211.1,
201,211.1,
201,211.1,
201,211.1,
201,211.1,
201,211.1,
201,211.1,
201,211.1,
201,211.1,
201,211.1,
201,211.1,
201,211.1,
204,211.13,
204,211.13,
204,211.13,
204,211.13,
204,211.13,
204,211.13,
204,211.13,
204,211.13,
204,211.13,
204,211.13,
204,211.13,
204,211.13,
204,211.13,
204,211.13,
204,211.13,
204,211.13,
204,211.13,
204,211.13,
204,211.13,
204,211.13,
204,211.13,
207,211.16,
207,211.16,
207,211.16,
207,211.16,
207,211.16,
207,211.16,
207,211.16,
207,211.16,
209,211.18,
209,211.18,
209,211.18,
209,211.18,
209,211.18,
209,211.18,
209,211.18,
209,211.18,
209,211.18,
209,211.18,
209,211.18,
209,211.18,
209,211.18,
209,211.18,
209,211.18,
209,211.18,
209,211.18,
209,211.18,
209,211.18,
209,211.18,
209,211.18,
209,211.18,
209,211.18,
70,122.04,
70,122.04,
70,122.04,
70,122.04,
70,122.04,
70,122.04,
70,122.04,
70,122.04,
70,122.04,
70,122.04,
76,122.1,
76,122.1,
76,122.1,
76,122.1,
76,122.1,
76,122.1,
76,122.1,
76,122.1,
76,122.1,
76,122.1,
76,122.1,
76,122.1,
76,122.1,
76,122.1,
83,122.17,
83,122.17,
83,122.17,
83,122.17,
83,122.17,
83,122.17,
83,122.17,
83,122.17,
83,122.17,
83,122.17,
84,122.18,
84,122.18,
84,122.18,
84,122.18,
84,122.18,
84,122.18,
84,122.18,
84,122.18,
84,122.18,
84,122.18,
84,122.18,
84,122.18,
89,122.23,
89,122.23,
89,122.23,
89,122.23,
89,122.23,
89,122.23,
89,122.23,
89,122.23,
89,122.23,
89,122.23,
89,122.23,
89,122.23,
89,122.23,
89,122.23,
44,121.02,
44,121.02,
44,121.02,
44,121.02,
44,121.02,
44,121.02,
44,121.02,
44,121.02,
44,121.02,
44,121.02,
44,121.02,
44,121.02,
44,121.02,
44,121.02,
44,121.02,
54,121.12,
54,121.12,
54,121.12,
54,121.12,
54,121.12,
54,121.12,
54,121.12,
54,121.12,
54,121.12,
54,121.12,
47,121.05,
47,121.05,
47,121.05,
47,121.05,
47,121.05,
47,121.05,
47,121.05,
47,121.05,
47,121.05,
47,121.05,
47,121.05,
47,121.05,
47,121.05,
47,121.05,
47,121.05,
47,121.05,
47,121.05,
47,121.05,
47,121.05,
47,121.05,
52,121.1,
52,121.1,
52,121.1,
52,121.1,
52,121.1,
52,121.1,
52,121.1,
52,121.1,
52,121.1,
52,121.1,
52,121.1,
52,121.1,
52,121.1,
52,121.1,
52,121.1,
52,121.1,
56,121.14,
56,121.14,
56,121.14,
56,121.14,
56,121.14,
56,121.14,
56,121.14,
56,121.14,
56,121.14,
56,121.14,
56,121.14,
56,121.14,
63,121.21,
63,121.21,
63,121.21,
63,121.21,
63,121.21,
63,121.21,
63,121.21,
63,121.21,
63,121.21,
63,121.21,
63,121.21,
63,121.21,
63,121.21,
63,121.21,
3,111.03,
3,111.03,
3,111.03,
3,111.03,
3,111.03,
3,111.03,
3,111.03,
3,111.03,
3,111.03,
3,111.03,
3,111.03,
3,111.03,
12,111.12,
12,111.12,
12,111.12,
12,111.12,
12,111.12,
12,111.12,
12,111.12,
12,111.12,
13,111.13,
13,111.13,
13,111.13,
13,111.13,
13,111.13,
13,111.13,
13,111.13,
13,111.13,
13,111.13,
15,111.15,
15,111.15,
15,111.15,
15,111.15,
15,111.15,
15,111.15,
15,111.15,
15,111.15,
15,111.15,
15,111.15,
15,111.15,
22,111.22,
22,111.22,
22,111.22,
22,111.22,
22,111.22,
22,111.22,
22,111.22,
22,111.22,
22,111.22,
22,111.22,
22,111.22,
22,111.22,
22,111.22,
22,111.22,
22,111.22,
710,111.22,
710,111.22,
710,111.22,
710,111.22,
710,111.22,
710,111.22,
710,111.22,
710,111.22,
710,111.22,
710,111.22,
710,111.22,
710,111.22,
710,111.22,
709,111.22,
709,111.22,
709,111.22,
709,111.22,
709,111.22,
709,111.22,
709,111.22,
709,111.22,
709,111.22,
709,111.22,
709,111.22,
709,111.22,
709,111.22,
709,111.22,
709,111.22,
709,111.22,
126,133.04,
126,133.04,
126,133.04,
126,133.04,
126,133.04,
126,133.04,
126,133.04,
126,133.04,
126,133.04,
126,133.04,
128,133.06,
128,133.06,
128,133.06,
128,133.06,
128,133.06,
128,133.06,
128,133.06,
128,133.06,
128,133.06,
116,132.06,
116,132.06,
116,132.06,
116,132.06,
116,132.06,
116,132.06,
116,132.06,
116,132.06,
116,132.06,
116,132.06,
116,132.06,
116,132.06,
116,132.06,
116,132.06,
116,132.06,
116,132.06,
116,132.06,
116,132.06,
116,132.06,
116,132.06,
116,132.06,
116,132.06,
116,132.06,
116,132.06,
116,132.06,
116,132.06,
116,132.06,
116,132.06,
116,132.06,
116,132.06,
116,132.06,
116,132.06,
116,132.06,
116,132.06,
116,132.06,
116,132.06,
116,132.06,
116,132.06,
116,132.06,
116,132.06,
118,132.08,
118,132.08,
118,132.08,
118,132.08,
118,132.08,
118,132.08,
118,132.08,
118,132.08,
118,132.08,
118,132.08,
118,132.08,
118,132.08,
118,132.08,
118,132.08,
118,132.08,
118,132.08,
118,132.08,
40,112.16,
40,112.16,
40,112.16,
40,112.16,
40,112.16,
40,112.16,
40,112.16,
40,112.16,
39,112.15,
39,112.15,
39,112.15,
39,112.15,
39,112.15,
39,112.15,
39,112.15,
39,112.15,
39,112.15,
39,112.15,
39,112.15,
37,112.13,
37,112.13,
37,112.13,
37,112.13,
37,112.13,
37,112.13,
37,112.13,
37,112.13,
37,112.13,
37,112.13,
37,112.13,
37,112.13,
37,112.13,
34,112.1,
34,112.1,
34,112.1,
34,112.1,
34,112.1,
34,112.1,
34,112.1,
34,112.1,
34,112.1,
29,112.05,
29,112.05,
29,112.05,
29,112.05,
29,112.05,
29,112.05,
29,112.05,
29,112.05,
29,112.05,
29,112.05,
29,112.05,
29,112.05,
29,112.05,
29,112.05,
29,112.05,
29,112.05,
29,112.05,
29,112.05,
29,112.05,
29,112.05,
25,112.01,
25,112.01,
25,112.01,
25,112.01,
25,112.01,
25,112.01,
25,112.01,
25,112.01,
25,112.01,
169,143.01,
169,143.01,
169,143.01,
169,143.01,
169,143.01,
169,143.01,
169,143.01,
169,143.01,
169,143.01,
169,143.01,
169,143.01,
169,143.01,
169,143.01,
169,143.01,
169,143.01,
169,143.01,
169,143.01,
169,143.01,
169,143.01,
169,143.01,
169,143.01,
169,143.01,
170,143.02,
170,143.02,
170,143.02,
170,143.02,
170,143.02,
170,143.02,
170,143.02,
170,143.02,
170,143.02,
170,143.02,
170,143.02,
170,143.02,
170,143.02,
170,143.02,
170,143.02,
170,143.02,
170,143.02,
170,143.02,
170,143.02,
170,143.02,
173,143.05,
173,143.05,
173,143.05,
173,143.05,
173,143.05,
173,143.05,
173,143.05,
173,143.05,
173,143.05,
173,143.05,
181,143.13,
181,143.13,
181,143.13,
181,143.13,
181,143.13,
181,143.13,
181,143.13,
181,143.13,
181,143.13,
183,143.15,
183,143.15,
183,143.15,
183,143.15,
183,143.15,
183,143.15,
183,143.15,
183,143.15,
183,143.15,
183,143.15,
183,143.15,
183,143.15,
183,143.15,
183,143.15,
183,143.15,
183,143.15,
191,143.24,
191,143.24,
191,143.24,
191,143.24,
191,143.24,
191,143.24,
191,143.24,
191,143.24,
191,143.24,
191,143.24,
191,143.24,
80,122.14,
80,122.14,
80,122.14,
80,122.14,
80,122.14,
80,122.14,
80,122.14,
80,122.14,
80,122.14,
80,122.14,
80,122.14,
122,132.12,
122,132.12,
122,132.12,
122,132.12,
122,132.12,
122,132.12,
122,132.12,
122,132.12,
122,132.12,
122,132.12,
122,132.12,
122,132.12,
122,132.12,
122,132.12,
122,132.12,
71,122.05,
71,122.05,
71,122.05,
71,122.05,
71,122.05,
71,122.05,
71,122.05,
71,122.05,
71,122.05,
71,122.05,
568,431.11,
568,431.11,
568,431.11,
568,431.11,
568,431.11,
568,431.11,
568,431.11,
568,431.11,
568,431.11,
568,431.11,
568,431.11,
568,431.11,
568,431.11,
568,431.11,
568,431.11,
568,431.11,
568,431.11,
568,431.11,
568,431.11,
568,431.11,
568,431.11,
568,431.11,
568,431.11,
568,431.11,
568,431.11,
579,441.03,
579,441.03,
579,441.03,
579,441.03,
579,441.03,
579,441.03,
579,441.03,
579,441.03,
579,441.03,
579,441.03,
579,441.03,
579,441.03,
579,441.03,
579,441.03,
579,441.03,
579,441.03,
579,441.03,
579,441.03,
579,441.03,
579,441.03,
588,441.12,
588,441.12,
588,441.12,
588,441.12,
588,441.12,
588,441.12,
588,441.12,
588,441.12,
588,441.12,
588,441.12,
588,441.12,
588,441.12,
588,441.12,
588,441.12,
588,441.12,
588,441.12,
588,441.12,
588,441.12,
588,441.12,
588,441.12,
588,441.12,
588,441.12,
588,441.12,
397,321.03,
397,321.03,
397,321.03,
397,321.03,
397,321.03,
397,321.03,
397,321.03,
397,321.03,
397,321.03,
397,321.03,
397,321.03,
397,321.03,
397,321.03,
397,321.03,
397,321.03,
425,331.01,
425,331.01,
425,331.01,
425,331.01,
425,331.01,
425,331.01,
425,331.01,
425,331.01,
425,331.01,
425,331.01,
425,331.01,
425,331.01,
425,331.01,
425,331.01,
425,331.01,
425,331.01,
425,331.01,
425,331.01,
425,331.01,
425,331.01,
425,331.01,
425,331.01,
425,331.01,
425,331.01,
416,322.1,
416,322.1,
416,322.1,
416,322.1,
416,322.1,
416,322.1,
416,322.1,
419,322.13,
419,322.13,
419,322.13,
419,322.13,
419,322.13,
419,322.13,
419,322.13,
419,322.13,
419,322.13,
419,322.13,
419,322.13,
419,322.13,
175,143.07,
175,143.07,
175,143.07,
175,143.07,
175,143.07,
175,143.07,
410,322.04,
410,322.04,
410,322.04,
410,322.04,
410,322.04,
410,322.04,
410,322.04,
410,322.04,
410,322.04,
410,322.04,
519,421.04,
519,421.04,
519,421.04,
519,421.04,
519,421.04,
519,421.04,
519,421.04,
519,421.04,
521,421.06,
521,421.06,
521,421.06,
521,421.06,
521,421.06,
521,421.06,
521,421.06,
521,421.06,
521,421.06,
521,421.06,
521,421.06,
521,421.06,
521,421.06,
521,421.06,
521,421.06,
544,422.05,
544,422.05,
215,221.06,
215,221.06,
215,221.06,
215,221.06,
215,221.06,
215,221.06,
215,221.06,
215,221.06,
215,221.06,
215,221.06,
215,221.06,
215,221.06,
215,221.06,
215,221.06,
215,221.06,
215,221.06,
215,221.06,
215,221.06,
117,132.07,
117,132.07,
117,132.07,
117,132.07,
117,132.07,
117,132.07,
117,132.07,
117,132.07,
117,132.07,
117,132.07,
601,441.05,
601,441.05,
601,441.05,
601,441.05,
601,441.05,
601,441.05,
601,441.05,
601,441.05,
601,441.05,
601,441.05,
601,441.05,
601,441.05,
601,441.05,
601,441.05,
601,441.05,
601,441.05,
601,441.05,
597,442.01,
597,442.01,
597,442.01,
597,442.01,
597,442.01,
597,442.01,
597,442.01,
597,442.01,
597,442.01,
597,442.01,
597,442.01,
597,442.01,
597,442.01,
597,442.01,
351,242.03,
351,242.03,
351,242.03,
351,242.03,
351,242.03,
351,242.03,
351,242.03,
351,242.03,
351,242.03,
351,242.03,
351,242.03,
351,242.03,
351,242.03,
351,242.03,
351,242.03,
351,242.03,
351,242.03,
258,222.17,
258,222.17,
258,222.17,
258,222.17,
258,222.17,
258,222.17,
258,222.17,
258,222.17,
258,222.17,
258,222.17,
210,212.01,
210,212.01,
210,212.01,
210,212.01,
210,212.01,
210,212.01,
210,212.01,
210,212.01,
210,212.01,
210,212.01,
210,212.01,
210,212.01,
210,212.01,
210,212.01,
610,511.08,
610,511.08,
610,511.08,
610,511.08,
610,511.08,
610,511.08,
610,511.08,
610,511.08,
610,511.08,
610,511.08,
610,511.08,
610,511.08,
610,511.08,
610,511.08,
423,322.17,
423,322.17,
423,322.17,
423,322.17,
423,322.17,
423,322.17,
423,322.17,
423,322.17,
423,322.17,
423,322.17,
395,321.01,
395,321.01,
395,321.01,
395,321.01,
395,321.01,
395,321.01,
395,321.01,
395,321.01,
405,312.11,
405,312.11,
405,312.11,
405,312.11,
405,312.11,
405,312.11,
405,312.11,
405,312.11,
405,312.11,
405,312.11,
405,312.11,
405,312.11,
405,312.11,
405,312.11,
405,312.11,
405,312.11,
405,312.11,
405,312.11,
405,312.11,
405,312.11,
405,312.11,
405,312.11,
415,322.09,
415,322.09,
415,322.09,
415,322.09,
415,322.09,
415,322.09,
415,322.09,
415,322.09,
415,322.09,
415,322.09,
415,322.09,
415,322.09,
415,322.09,
415,322.09,
415,322.09,
415,322.09,
415,322.09,
415,322.09,
363,251.02,
363,251.02,
363,251.02,
363,251.02,
363,251.02,
363,251.02,
363,251.02,
363,251.02,
363,251.02,
363,251.02,
363,251.02,
363,251.02,
363,251.02,
363,251.02,
363,251.02,
363,251.02,
363,251.02,
363,251.02,
363,251.02,
363,251.02,
363,251.02,
363,251.02,
363,251.02,
363,251.02,
363,251.02,
361,251.01,
361,251.01,
361,251.01,
361,251.01,
361,251.01,
361,251.01,
361,251.01,
361,251.01,
361,251.01,
361,251.01,
361,251.01,
361,251.01,
361,251.01,
361,251.01,
361,251.01,
361,251.01,
363,251.03,
363,251.03,
363,251.03,
363,251.03,
363,251.03,
363,251.03,
363,251.03,
363,251.03,
363,251.03,
363,251.03,
363,251.03,
363,251.03,
363,251.03,
21,111.21,
21,111.21,
21,111.21,
21,111.21,
21,111.21,
282,223.17,
282,223.17,
282,223.17,
282,223.17,
282,223.17,
282,223.17,
282,223.17,
282,223.17,
282,223.17,
282,223.17,
282,223.17,
282,223.17,
282,223.17,
282,223.17,
282,223.17,
282,223.17,
200,211.09,
200,211.09,
200,211.09,
200,211.09,
200,211.09,
200,211.09,
200,211.09,
200,211.09,
200,211.09,
200,211.09,
200,211.09,
200,211.09,
200,211.09,
200,211.09,
200,211.09,
200,211.09,
200,211.09,
123,133.01,
123,133.01,
123,133.01,
123,133.01,
123,133.01,
123,133.01,
123,133.01,
123,133.01,
123,133.01,
123,133.01,
123,133.01,
213,211.04,
213,211.04,
213,211.04,
213,211.04,
213,211.04,
213,211.04,
213,211.04,
213,211.04,
213,211.04,
213,211.04,
213,211.04,
213,211.04,
213,211.04,
213,211.04,
213,211.04,
46,121.04,
46,121.04,
46,121.04,
46,121.04,
46,121.04,
46,121.04,
46,121.04,
46,121.04,
270,223.05,
270,223.05,
270,223.05,
270,223.05,
270,223.05,
270,223.05,
270,223.05,
270,223.05,
270,223.05,
270,223.05,
270,223.05,
270,223.05,
270,223.05,
270,223.05,
270,223.05,
270,223.05,
270,223.05,
270,223.05,
270,223.05,
270,223.05,
270,223.05,
443,331.19,
443,331.19,
443,331.19,
443,331.19,
443,331.19,
443,331.19,
443,331.19,
443,331.19,
443,331.19,
443,331.19,
443,331.19,
443,331.19,
443,331.19,
443,331.19,
443,331.19,
443,331.19,
435,331.11,
435,331.11,
435,331.11,
435,331.11,
435,331.11,
435,331.11,
435,331.11,
435,331.11,
435,331.11,
435,331.11,
435,331.11,
435,331.11,
435,331.11,
435,331.11,
433,331.09,
433,331.09,
433,331.09,
433,331.09,
433,331.09,
433,331.09,
433,331.09,
433,331.09,
433,331.09,
433,331.09,
433,331.09,
433,331.09,
433,331.09,
464,332.16,
464,332.16,
464,332.16,
464,332.16,
464,332.16,
464,332.16,
464,332.16,
464,332.16,
464,332.16,
464,332.16,
464,332.16,
464,332.16,
454,332.06,
454,332.06,
454,332.06,
454,332.06,
454,332.06,
454,332.06,
454,332.06,
454,332.06,
454,332.06,
454,332.06,
454,332.06,
454,332.06,
454,332.06,
454,332.06,
454,332.06,
454,332.06,
454,332.06,
454,332.06,
442,331.18,
442,331.18,
442,331.18,
442,331.18,
442,331.18,
442,331.18,
442,331.18,
442,331.18,
555,431.1,
555,431.1,
555,431.1,
555,431.1,
555,431.1,
555,431.1,
555,431.1,
555,431.1,
555,431.1,
555,431.1,
555,431.1,
555,431.1,
555,431.1,
555,431.1,
555,431.1,
555,431.1,
555,431.1,
555,431.1,
555,431.1,
555,431.1,
555,431.1,
555,431.1,
436,331.12,
436,331.12,
436,331.12,
436,331.12,
436,331.12,
436,331.12,
436,331.12,
436,331.12,
436,331.12,
436,331.12,
436,331.12,
436,331.12,
436,331.12,
436,331.12,
436,331.12,
436,331.12,
255,222.14,
255,222.14,
255,222.14,
255,222.14,
255,222.14,
255,222.14,
255,222.14,
255,222.14,
255,222.14,
255,222.14,
255,222.14,
475,342.01,
475,342.01,
475,342.01,
475,342.01,
475,342.01,
475,342.01,
475,342.01,
475,342.01,
475,342.01,
379,311.01,
379,311.01,
379,311.01,
379,311.01,
379,311.01,
379,311.01,
379,311.01,
379,311.01,
379,311.01,
488,342.15,
488,342.15,
488,342.15,
488,342.15,
488,342.15,
488,342.15,
488,342.15,
488,342.15,
488,342.15,
488,342.15,
488,342.15,
488,342.15,
488,342.15,
488,342.15,
488,342.15,
486,342.13,
486,342.13,
486,342.13,
486,342.13,
486,342.13,
486,342.13,
486,342.13,
486,342.13,
486,342.13,
486,342.13,
486,342.13,
486,342.13,
486,342.13,
486,342.13,
486,342.13,
486,342.13,
483,342.1,
483,342.1,
483,342.1,
483,342.1,
483,342.1,
483,342.1,
483,342.1,
483,342.1,
483,342.1,
483,342.1,
483,342.1,
483,342.1,
483,342.1,
483,342.1,
483,342.1,
483,342.1,
483,342.1,
485,342.12,
485,342.12,
485,342.12,
485,342.12,
485,342.12,
485,342.12,
485,342.12,
485,342.12,
481,342.08,
481,342.08,
481,342.08,
481,342.08,
481,342.08,
481,342.08,
481,342.08,
481,342.08,
481,342.08,
481,342.08,
481,342.08,
481,342.08,
481,342.08,
489,342.16,
489,342.16,
489,342.16,
489,342.16,
489,342.16,
489,342.16,
424,322.18,
424,322.18,
424,322.18,
424,322.18,
424,322.18,
424,322.18,
424,322.18,
424,322.18,
424,322.18,
424,322.18,
424,322.18,
424,322.18,
424,322.18,
424,322.18,
482,342.09,
482,342.09,
482,342.09,
482,342.09,
482,342.09,
482,342.09,
482,342.09,
482,342.09,
482,342.09,
482,342.09,
482,342.09,
482,342.09,
482,342.09,
482,342.09,
482,342.09,
387,312.01,
387,312.01,
387,312.01,
387,312.01,
387,312.01,
387,312.01,
387,312.01,
387,312.01,
387,312.01,
387,312.01,
449,332.01,
449,332.01,
449,332.01,
449,332.01,
449,332.01,
449,332.01,
449,332.01,
449,332.01,
449,332.01,
449,332.01,
449,332.01,
449,332.01,
460,332.12,
460,332.12,
460,332.12,
460,332.12,
460,332.12,
460,332.12,
460,332.12,
460,332.12,
399,321.05,
399,321.05,
399,321.05,
399,321.05,
399,321.05,
399,321.05,
399,321.05,
399,321.05,
399,321.05,
399,321.05,
399,321.05,
399,321.05,
399,321.05,
399,321.05,
399,321.05,
399,321.05,
399,321.05,
399,321.05,
399,321.05,
385,311.07,
385,311.07,
385,311.07,
385,311.07,
385,311.07,
385,311.07,
385,311.07,
385,311.07,
385,311.07,
382,311.04,
382,311.04,
382,311.04,
382,311.04,
382,311.04,
382,311.04,
382,311.04,
382,311.04,
382,311.04,
382,311.04,
382,311.04,
382,311.04,
382,311.04,
382,311.04,
382,311.04,
382,311.04,
470,341.04,
470,341.04,
470,341.04,
470,341.04,
470,341.04,
470,341.04,
470,341.04,
470,341.04,
470,341.04,
470,341.04,
470,341.04,
470,341.04,
470,341.04,
470,341.04,
470,341.04,
470,341.04,
470,341.04,
470,341.04,
470,341.04,
470,341.04,
470,341.04,
467,341.01,
467,341.01,
467,341.01,
467,341.01,
467,341.01,
467,341.01,
467,341.01,
467,341.01,
467,341.01,
467,341.01,
467,341.01,
467,341.01,
467,341.01,
467,341.01,
437,331.13,
437,331.13,
437,331.13,
437,331.13,
437,331.13,
437,331.13,
437,331.13,
437,331.13,
437,331.13,
437,331.13,
437,331.13,
437,331.13,
437,331.13,
437,331.13,
437,331.13,
437,331.13,
437,331.13,
437,331.13,
437,331.13,
437,331.13,
437,331.13,
437,331.13,
437,331.13,
437,331.13,
437,331.13,
437,331.13,
437,331.13,
445,331.21,
445,331.21,
445,331.21,
445,331.21,
445,331.21,
445,331.21,
445,331.21,
445,331.21,
445,331.21,
445,331.21,
445,331.21,
445,331.21,
445,331.21,
445,331.21,
445,331.21,
445,331.21,
445,331.21,
445,331.21,
445,331.21,
445,331.21,
445,331.21,
445,331.21,
445,331.21,
444,331.2,
444,331.2,
444,331.2,
444,331.2,
444,331.2,
444,331.2,
444,331.2,
444,331.2,
444,331.2,
444,331.2,
444,331.2,
444,331.2,
444,331.2,
444,331.2,
444,331.2,
444,331.2,
444,331.2,
444,331.2,
444,331.2,
577,441.01,
577,441.01,
577,441.01,
577,441.01,
577,441.01,
577,441.01,
577,441.01,
577,441.01,
577,441.01,
577,441.01,
577,441.01,
577,441.01,
577,441.01,
577,441.01,
495,342.22,
495,342.22,
495,342.22,
495,342.22,
495,342.22,
495,342.22,
495,342.22,
495,342.22,
495,342.22,
495,342.22,
495,342.22,
495,342.22,
495,342.22,
495,342.22,
369_2,252.03,
369_2,252.03,
369_2,252.03,
369_2,252.03,
369_2,252.03,
369_2,252.03,
369_2,252.03,
369_2,252.03,
369_2,252.03,
369_2,252.03,
369_2,252.03,
369_2,252.03,
369_1,252.03,
369_1,252.03,
369_1,252.03,
369_1,252.03,
369_1,252.03,
369_1,252.03,
369_1,252.03,
369_1,252.03,
369_1,252.03,
369_1,252.03,
369_1,252.03,
369_1,252.03,
369_1,252.03,
369_1,252.03,
369_1,252.03,
369_1,252.03,
369_1,252.03,
369_1,252.03,
459,332.11,
459,332.11,
459,332.11,
459,332.11,
459,332.11,
459,332.11,
459,332.11,
459,332.11,
459,332.11,
459,332.11,
459,332.11,
459,332.11,
459,332.11,
255_1,222.14,
255_1,222.14,
255_1,222.14,
255_1,222.14,
255_1,222.14,
255_1,222.14,
255_1,222.14,
255_1,222.14,
255_1,222.14,
255_1,222.14,
403,321.09,
403,321.09,
403,321.09,
403,321.09,
403,321.09,
403,321.09,
403,321.09,
403,321.09,
403,321.09,
403,321.09,
581,441.05,
581,441.05,
581,441.05,
581,441.05,
581,441.05,
581,441.05,
581,441.05,
581,441.05,
581,441.05,
581,441.05,
581,441.05,
581,441.05,
581,441.05,
581,441.05,
581,441.05,
581,441.05,
581_1,441.05,
581_1,441.05,
581_1,441.05,
581_1,441.05,
581_1,441.05,
581_1,441.05,
581_1,441.05,
581_1,441.05,
581_1,441.05,
581_1,441.05,
581_1,441.05,
581_1,441.05,
581_1,441.05,
581_1,441.05,
581_1,441.05,
581_1,441.05,
581_1,441.05,
60_1,121.18,
60_1,121.18,
60_1,121.18,
60_1,121.18,
60_1,121.18,
60_1,121.18,
60_1,121.18,
60_1,121.18,
60_1,121.18,
60_1,121.18,
60_1,121.18,
60_1,121.18,
60,121.18,
60,121.18,
60,121.18,
60,121.18,
60,121.18,
60,121.18,
60,121.18,
60,121.18,
60,121.18,
60,121.18,
60,121.18,
346_1,241.22,
346_1,241.22,
346_1,241.22,
346_1,241.22,
346_1,241.22,
346_1,241.22,
346_1,241.22,
346_1,241.22,
346_1,241.22,
346_1,241.22,
346_1,241.22,
346_1,241.22,
346_1,241.22,
474,341.08,
474,341.08,
474,341.08,
474,341.08,
474,341.08,
474,341.08,
474,341.08,
474,341.08,
474,341.08,
388,312.02,
388,312.02,
388,312.02,
388,312.02,
388,312.02,
388,312.02,
388,312.02,
388,312.02,
388,312.02,
388,312.02,
388,312.02,
346_2,241.22,
346_2,241.22,
346_2,241.22,
346_2,241.22,
346_2,241.22,
346_2,241.22,
346_2,241.22,
346_2,241.22,
346_2,241.22,
346_2,241.22,
346_2,241.22,
346_2,241.22,
346_2,241.22,
197,241.22,
197,241.22,
197,241.22,
197,241.22,
197,241.22,
197,241.22,
197,241.22,
197,241.22,
197,241.22,
197,241.22,
197,241.22,
197,241.22,
197,241.22,
197,241.22,
197,241.22,
197,241.22,
197,241.22,
632,521.01,
632,521.01,
632,521.01,
632,521.01,
632,521.01,
632,521.01,
632,521.01,
632,521.01,
632,521.01,
632,521.01,
632,521.01,
632,521.01,
632,521.01,
632,521.01,
632,521.01,
632,521.01,
632,521.01,
632,521.01,
632,521.01,
632,521.01,
632,521.01,
632,521.01,
632,521.01,
632,521.01,
632,521.01,
632,521.01,
632,521.01,
254,222.13,
254,222.13,
254,222.13,
254,222.13,
254,222.13,
254,222.13,
254,222.13,
254,222.13,
254,222.13,
248,222.07,
248,222.07,
248,222.07,
248,222.07,
248,222.07,
248,222.07,
248,222.07,
248,222.07,
248,222.07,
248,222.07,
248,222.07,
248,222.07,
248,222.07,
508,411.11,
508,411.11,
508,411.11,
508,411.11,
508,411.11,
508,411.11,
508,411.11,
508,411.11,
508,411.11,
508,411.11,
508,411.11,
508,411.11,
508,411.11,
508,411.11,
508,411.11,
508,411.11,
508,411.11,
508,411.11,
508,411.11,
508,411.11,
508,411.11,
508,411.11,
508,411.11,
508,411.11,
508,411.11,
508,411.11,
508,411.11,
463,332.15,
463,332.15,
463,332.15,
463,332.15,
463,332.15,
463,332.15,
463,332.15,
463,332.15,
463,332.15,
463,332.15,
463,332.15,
463,332.15,
463,332.15,
463,332.15,
463,332.15,
,,
,,
,,
,,
,,
,,
,,
,,
,,
,,
,,
,,
,,
,,
,,
,,
,,
,,
,,
,,
,,
,,
,,
,,
,,
,,
,,
,,
,,
,,
,,
,,
,,
,,
,,
,,
,,
,,
,,
,,
,,
,,
,,
,,
,,
,,
,,
,,
,,
,,
,,
,,
,,
,,
,,
,,
,,
,,
,,
,,
,,
,,
,,
,,
,,
,,
,,
,,
,,
,,
,,
,,
,,
,,
,,
,,
,,
,,
,,
,,
,,
,,
,,
,,
,,
,,
,,
,,
,,
,,
,,
,,
,,
,,
,,
,,
,,
,,
,,
,,
,,
,,
,,
,,
,,
,,
,,
,,
,,
,,
,,
,,
,,
,,
,,
,,
,,
,,
,,
,,
,,
,,
,,
,,
,,
,,
,,
,,
,,
,,
,,
,,
,,
,,
,,
,,
,,
,,
,,
,,
,,
,,
,,
,,
,,
,,
,,
,,
,,
,,
,,
,,
,,
,,
,,
,,
,,
,,
,,
,,
,,
,,
,,
,,
,,
,,
,,
,,
,,
,,
,,
,,
,,
,,
,,
,,
,,
,,
,,
,,
,,
,,
,,
,,
,,
,,
,,
,,
,,
,,
,,0
,,1
,,0
,,0
,,0
,,0
,,0
,,0
,,0
,,0
,,0
,,0
,,0
